pingSingle,N/A,-1,/172.17.63.35_0,1522777148554,20:39:08.554,7
pingSingle,N/A,-1,/172.17.63.39_0,1522777148555,20:39:08.555,8
pingSingle,N/A,-1,/172.17.63.36_0,1522777148554,20:39:08.554,7
pingSingle,N/A,-1,/172.17.63.40_0,1522777148554,20:39:08.554,7
pingSingle,N/A,-1,/172.17.63.35_0,1522777148561,20:39:08.561,2
pingSingle,N/A,-1,/172.17.63.40_0,1522777148561,20:39:08.561,2
pingSingle,N/A,-1,/172.17.63.36_0,1522777148561,20:39:08.561,2
pingSingle,N/A,-1,/172.17.63.39_0,1522777148561,20:39:08.561,2
pingSingle,N/A,-1,/172.17.63.35_0,1522777148564,20:39:08.564,1
pingSingle,N/A,-1,/172.17.63.40_0,1522777148565,20:39:08.565,2
pingSingle,N/A,-1,/172.17.63.39_0,1522777148565,20:39:08.565,2
pingSingle,N/A,-1,/172.17.63.36_0,1522777148565,20:39:08.565,2
pingSingle,N/A,-1,/172.17.63.35_0,1522777148568,20:39:08.568,1
pingSingle,N/A,-1,/172.17.63.40_0,1522777148569,20:39:08.569,2
pingSingle,N/A,-1,/172.17.63.36_0,1522777148569,20:39:08.569,2
pingSingle,N/A,-1,/172.17.63.39_0,1522777148571,20:39:08.571,2
pingSingle,N/A,-1,/172.17.63.40_0,1522777148574,20:39:08.574,1
pingSingle,N/A,-1,/172.17.63.35_0,1522777148576,20:39:08.576,2
pingSingle,N/A,-1,/172.17.63.36_0,1522777148576,20:39:08.576,1
pingSingle,N/A,-1,/172.17.63.39_0,1522777148576,20:39:08.576,2
pingSingle,N/A,-1,/172.17.63.39_0,1522777148581,20:39:08.581,3
pingSingle,N/A,-1,/172.17.63.40_0,1522777148581,20:39:08.581,3
pingSingle,N/A,-1,/172.17.63.35_0,1522777148583,20:39:08.583,2
pingSingle,N/A,-1,/172.17.63.36_0,1522777148583,20:39:08.583,5
pingSingle,N/A,-1,/172.17.63.36_0,1522777148588,20:39:08.588,2
pingSingle,N/A,-1,/172.17.63.40_0,1522777148589,20:39:08.589,2
pingSingle,N/A,-1,/172.17.63.39_0,1522777148589,20:39:08.589,3
pingSingle,N/A,-1,/172.17.63.35_0,1522777148589,20:39:08.589,1
pingSingle,N/A,-1,/172.17.63.40_0,1522777148603,20:39:08.603,2
pingSingle,N/A,-1,/172.17.63.39_0,1522777148603,20:39:08.603,2
pingSingle,N/A,-1,/172.17.63.36_0,1522777148603,20:39:08.603,2
pingSingle,N/A,-1,/172.17.63.35_0,1522777148604,20:39:08.604,1
pingSingle,N/A,-1,/172.17.63.35_0,1522777148606,20:39:08.606,1
pingSingle,N/A,-1,/172.17.63.40_0,1522777148606,20:39:08.606,1
pingSingle,N/A,-1,/172.17.63.39_0,1522777148607,20:39:08.607,1
pingSingle,N/A,-1,/172.17.63.36_0,1522777148607,20:39:08.607,1
pingSingle,N/A,-1,/172.17.63.35_0,1522777148609,20:39:08.609,0
pingSingle,N/A,-1,/172.17.63.40_0,1522777148610,20:39:08.610,2
pingSingle,N/A,-1,/172.17.63.36_0,1522777148610,20:39:08.610,1
pingSingle,N/A,-1,/172.17.63.39_0,1522777148610,20:39:08.610,1
pingSingle,N/A,-1,/172.17.63.35_0,1522777148612,20:39:08.612,1
pingSingle,N/A,-1,/172.17.63.40_0,1522777148612,20:39:08.612,1
pingSingle,N/A,-1,/172.17.63.39_0,1522777148613,20:39:08.613,2
pingSingle,N/A,-1,/172.17.63.36_0,1522777148613,20:39:08.613,2
pingSingle,N/A,-1,/172.17.63.40_0,1522777148615,20:39:08.615,1
pingSingle,N/A,-1,/172.17.63.35_0,1522777148616,20:39:08.616,2
pingSingle,N/A,-1,/172.17.63.39_0,1522777148616,20:39:08.616,1
pingSingle,N/A,-1,/172.17.63.36_0,1522777148616,20:39:08.616,1
pingSingle,N/A,-1,/172.17.63.40_0,1522777148619,20:39:08.619,2
pingSingle,N/A,-1,/172.17.63.36_0,1522777148619,20:39:08.619,1
pingSingle,N/A,-1,/172.17.63.35_0,1522777148621,20:39:08.621,4
pingSingle,N/A,-1,/172.17.63.39_0,1522777148622,20:39:08.622,1
pingSingle,N/A,-1,/172.17.63.40_0,1522777148624,20:39:08.624,1
pingSingle,N/A,-1,/172.17.63.35_0,1522777148624,20:39:08.624,1
pingSingle,N/A,-1,/172.17.63.36_0,1522777148625,20:39:08.625,2
pingSingle,N/A,-1,/172.17.63.39_0,1522777148625,20:39:08.625,1
pingSingle,N/A,-1,/172.17.63.40_0,1522777148627,20:39:08.627,1
pingSingle,N/A,-1,/172.17.63.35_0,1522777148628,20:39:08.628,2
pingSingle,N/A,-1,/172.17.63.39_0,1522777148628,20:39:08.628,1
pingSingle,N/A,-1,/172.17.63.36_0,1522777148629,20:39:08.629,2
pingSingle,N/A,-1,/172.17.63.35_0,1522777148632,20:39:08.632,1
pingSingle,N/A,-1,/172.17.63.40_0,1522777148632,20:39:08.632,1
pingSingle,N/A,-1,/172.17.63.39_0,1522777148633,20:39:08.633,1
pingSingle,N/A,-1,/172.17.63.36_0,1522777148633,20:39:08.633,1
pingSingle,N/A,-1,/172.17.63.35_0,1522777148635,20:39:08.635,1
pingSingle,N/A,-1,/172.17.63.39_0,1522777148635,20:39:08.635,0
pingSingle,N/A,-1,/172.17.63.36_0,1522777148636,20:39:08.636,1
pingSingle,N/A,-1,/172.17.63.40_0,1522777148636,20:39:08.636,1
pingSingle,N/A,-1,/172.17.63.35_0,1522777148639,20:39:08.639,1
pingSingle,N/A,-1,/172.17.63.40_0,1522777148639,20:39:08.639,1
pingSingle,N/A,-1,/172.17.63.39_0,1522777148640,20:39:08.640,2
pingSingle,N/A,-1,/172.17.63.36_0,1522777148640,20:39:08.640,2
pingSingle,N/A,-1,/172.17.63.40_0,1522777148642,20:39:08.642,1
pingSingle,N/A,-1,/172.17.63.35_0,1522777148643,20:39:08.643,1
pingSingle,N/A,-1,/172.17.63.39_0,1522777148643,20:39:08.643,1
pingSingle,N/A,-1,/172.17.63.36_0,1522777148643,20:39:08.643,1
pingSingle,N/A,-1,/172.17.63.35_0,1522777148645,20:39:08.645,1
pingSingle,N/A,-1,/172.17.63.40_0,1522777148646,20:39:08.646,2
pingSingle,N/A,-1,/172.17.63.36_0,1522777148646,20:39:08.646,1
pingSingle,N/A,-1,/172.17.63.39_0,1522777148646,20:39:08.646,1
pingSingle,N/A,-1,/172.17.63.35_0,1522777148648,20:39:08.648,1
pingSingle,N/A,-1,/172.17.63.40_0,1522777148649,20:39:08.649,2
pingSingle,N/A,-1,/172.17.63.36_0,1522777148650,20:39:08.650,2
pingSingle,N/A,-1,/172.17.63.39_0,1522777148654,20:39:08.654,1
pingSingle,N/A,-1,/172.17.63.40_0,1522777148656,20:39:08.656,1
pingSingle,N/A,-1,/172.17.63.36_0,1522777148658,20:39:08.658,2
pingSingle,N/A,-1,/172.17.63.35_0,1522777148658,20:39:08.658,2
pingSingle,N/A,-1,/172.17.63.39_0,1522777148659,20:39:08.659,2
pingSingle,N/A,-1,/172.17.63.40_0,1522777148661,20:39:08.661,1
pingSingle,N/A,-1,/172.17.63.39_0,1522777148661,20:39:08.661,1
pingSingle,N/A,-1,/172.17.63.36_0,1522777148662,20:39:08.662,2
pingSingle,N/A,-1,/172.17.63.35_0,1522777148664,20:39:08.664,3
pingSingle,N/A,-1,/172.17.63.40_0,1522777148666,20:39:08.666,1
pingSingle,N/A,-1,/172.17.63.35_0,1522777148667,20:39:08.667,2
pingSingle,N/A,-1,/172.17.63.39_0,1522777148667,20:39:08.667,1
pingSingle,N/A,-1,/172.17.63.36_0,1522777148668,20:39:08.668,2
pingSingle,N/A,-1,/172.17.63.35_0,1522777148669,20:39:08.669,0
pingSingle,N/A,-1,/172.17.63.39_0,1522777148669,20:39:08.669,0
pingSingle,N/A,-1,/172.17.63.40_0,1522777148670,20:39:08.670,2
pingSingle,N/A,-1,/172.17.63.36_0,1522777148670,20:39:08.670,1
pingSingle,N/A,-1,/172.17.63.35_0,1522777148673,20:39:08.673,1
pingSingle,N/A,-1,/172.17.63.36_0,1522777148673,20:39:08.673,1
pingSingle,N/A,-1,/172.17.63.39_0,1522777148674,20:39:08.674,2
pingSingle,N/A,-1,/172.17.63.40_0,1522777148673,20:39:08.673,1
pingSingle,N/A,-1,/172.17.63.40_0,1522777148677,20:39:08.677,1
pingSingle,N/A,-1,/172.17.63.35_0,1522777148677,20:39:08.677,1
pingSingle,N/A,-1,/172.17.63.39_0,1522777148680,20:39:08.680,1
pingSingle,N/A,-1,/172.17.63.36_0,1522777148680,20:39:08.680,1
pingSingle,N/A,-1,/172.17.63.35_0,1522777148682,20:39:08.682,0
pingSingle,N/A,-1,/172.17.63.39_0,1522777148683,20:39:08.683,1
pingSingle,N/A,-1,/172.17.63.40_0,1522777148683,20:39:08.683,1
pingSingle,N/A,-1,/172.17.63.36_0,1522777148684,20:39:08.684,2
pingSingle,N/A,-1,/172.17.63.40_0,1522777148687,20:39:08.687,3
pingSingle,N/A,-1,/172.17.63.35_0,1522777148687,20:39:08.687,2
pingSingle,N/A,-1,/172.17.63.39_0,1522777148687,20:39:08.687,2
pingSingle,N/A,-1,/172.17.63.36_0,1522777148690,20:39:08.690,1
pingSingle,N/A,-1,/172.17.63.35_0,1522777148692,20:39:08.692,1
pingSingle,N/A,-1,/172.17.63.40_0,1522777148692,20:39:08.692,1
pingSingle,N/A,-1,/172.17.63.39_0,1522777148693,20:39:08.693,1
pingSingle,N/A,-1,/172.17.63.36_0,1522777148694,20:39:08.694,2
pingSingle,N/A,-1,/172.17.63.40_0,1522777148698,20:39:08.698,2
pingSingle,N/A,-1,/172.17.63.35_0,1522777148698,20:39:08.698,1
pingSingle,N/A,-1,/172.17.63.39_0,1522777148699,20:39:08.699,2
pingSingle,N/A,-1,/172.17.63.36_0,1522777148699,20:39:08.699,1
pingSingle,N/A,-1,/172.17.63.35_0,1522777148701,20:39:08.701,1
pingSingle,N/A,-1,/172.17.63.36_0,1522777148701,20:39:08.701,1
pingSingle,N/A,-1,/172.17.63.39_0,1522777148701,20:39:08.701,1
pingSingle,N/A,-1,/172.17.63.40_0,1522777148702,20:39:08.702,2
pingSingle,N/A,-1,/172.17.63.40_0,1522777148704,20:39:08.704,1
pingSingle,N/A,-1,/172.17.63.35_0,1522777148704,20:39:08.704,1
pingSingle,N/A,-1,/172.17.63.39_0,1522777148706,20:39:08.706,2
pingSingle,N/A,-1,/172.17.63.36_0,1522777148712,20:39:08.712,2
pingSingle,N/A,-1,/172.17.63.35_0,1522777148714,20:39:08.714,1
pingSingle,N/A,-1,/172.17.63.39_0,1522777148714,20:39:08.714,1
pingSingle,N/A,-1,/172.17.63.40_0,1522777148714,20:39:08.714,1
pingSingle,N/A,-1,/172.17.63.36_0,1522777148716,20:39:08.716,1
pingSingle,N/A,-1,/172.17.63.35_0,1522777148719,20:39:08.719,2
pingSingle,N/A,-1,/172.17.63.40_0,1522777148719,20:39:08.719,1
pingSingle,N/A,-1,/172.17.63.36_0,1522777148719,20:39:08.719,1
pingSingle,N/A,-1,/172.17.63.39_0,1522777148720,20:39:08.720,1
pingSingle,N/A,-1,/172.17.63.35_0,1522777148722,20:39:08.722,1
pingSingle,N/A,-1,/172.17.63.36_0,1522777148722,20:39:08.722,1
pingSingle,N/A,-1,/172.17.63.39_0,1522777148723,20:39:08.723,2
pingSingle,N/A,-1,/172.17.63.40_0,1522777148723,20:39:08.723,2
pingSingle,N/A,-1,/172.17.63.35_0,1522777148724,20:39:08.724,0
pingSingle,N/A,-1,/172.17.63.39_0,1522777148725,20:39:08.725,1
pingSingle,N/A,-1,/172.17.63.40_0,1522777148725,20:39:08.725,2
pingSingle,N/A,-1,/172.17.63.36_0,1522777148725,20:39:08.725,1
pingSingle,N/A,-1,/172.17.63.35_0,1522777148727,20:39:08.727,1
pingSingle,N/A,-1,/172.17.63.40_0,1522777148727,20:39:08.727,1
pingSingle,N/A,-1,/172.17.63.39_0,1522777148727,20:39:08.727,1
pingSingle,N/A,-1,/172.17.63.36_0,1522777148727,20:39:08.727,1
pingSingle,N/A,-1,/172.17.63.35_0,1522777148729,20:39:08.729,1
pingSingle,N/A,-1,/172.17.63.39_0,1522777148729,20:39:08.729,1
pingSingle,N/A,-1,/172.17.63.36_0,1522777148729,20:39:08.729,1
pingSingle,N/A,-1,/172.17.63.40_0,1522777148730,20:39:08.730,2
pingSingle,N/A,-1,/172.17.63.40_0,1522777148733,20:39:08.733,2
pingSingle,N/A,-1,/172.17.63.39_0,1522777148733,20:39:08.733,1
pingSingle,N/A,-1,/172.17.63.36_0,1522777148733,20:39:08.733,1
pingSingle,N/A,-1,/172.17.63.35_0,1522777148734,20:39:08.734,1
pingSingle,N/A,-1,/172.17.63.40_0,1522777148736,20:39:08.736,1
pingSingle,N/A,-1,/172.17.63.35_0,1522777148736,20:39:08.736,1
pingSingle,N/A,-1,/172.17.63.39_0,1522777148737,20:39:08.737,1
pingSingle,N/A,-1,/172.17.63.36_0,1522777148737,20:39:08.737,1
pingSingle,N/A,-1,/172.17.63.35_0,1522777148739,20:39:08.739,1
pingSingle,N/A,-1,/172.17.63.36_0,1522777148740,20:39:08.740,1
pingSingle,N/A,-1,/172.17.63.40_0,1522777148740,20:39:08.740,2
pingSingle,N/A,-1,/172.17.63.39_0,1522777148740,20:39:08.740,1
pingSingle,N/A,-1,/172.17.63.40_0,1522777148742,20:39:08.742,1
pingSingle,N/A,-1,/172.17.63.35_0,1522777148742,20:39:08.742,1
pingSingle,N/A,-1,/172.17.63.36_0,1522777148743,20:39:08.743,2
pingSingle,N/A,-1,/172.17.63.39_0,1522777148743,20:39:08.743,2
pingSingle,N/A,-1,/172.17.63.40_0,1522777148745,20:39:08.745,1
pingSingle,N/A,-1,/172.17.63.35_0,1522777148745,20:39:08.745,1
pingSingle,N/A,-1,/172.17.63.39_0,1522777148746,20:39:08.746,2
pingSingle,N/A,-1,/172.17.63.36_0,1522777148746,20:39:08.746,2
pingSingle,N/A,-1,/172.17.63.40_0,1522777148747,20:39:08.747,1
pingSingle,N/A,-1,/172.17.63.35_0,1522777148748,20:39:08.748,1
pingSingle,N/A,-1,/172.17.63.36_0,1522777148748,20:39:08.748,1
pingSingle,N/A,-1,/172.17.63.39_0,1522777148750,20:39:08.750,1
pingSingle,N/A,-1,/172.17.63.40_0,1522777148752,20:39:08.752,1
pingSingle,N/A,-1,/172.17.63.35_0,1522777148752,20:39:08.752,0
pingSingle,N/A,-1,/172.17.63.36_0,1522777148753,20:39:08.753,1
pingSingle,N/A,-1,/172.17.63.39_0,1522777148753,20:39:08.753,1
pingSingle,N/A,-1,/172.17.63.36_0,1522777148763,20:39:08.763,3
pingSingle,N/A,-1,/172.17.63.40_0,1522777148763,20:39:08.763,3
pingSingle,N/A,-1,/172.17.63.39_0,1522777148763,20:39:08.763,3
pingSingle,N/A,-1,/172.17.63.35_0,1522777148764,20:39:08.764,1
pingSingle,N/A,-1,/172.17.63.39_0,1522777148769,20:39:08.769,3
pingSingle,N/A,-1,/172.17.63.40_0,1522777148770,20:39:08.770,4
pingSingle,N/A,-1,/172.17.63.36_0,1522777148770,20:39:08.770,3
pingSingle,N/A,-1,/172.17.63.35_0,1522777148771,20:39:08.771,1
pingSingle,N/A,-1,/172.17.63.35_0,1522777148773,20:39:08.773,1
pingSingle,N/A,-1,/172.17.63.40_0,1522777148773,20:39:08.773,1
pingSingle,N/A,-1,/172.17.63.36_0,1522777148773,20:39:08.773,1
pingSingle,N/A,-1,/172.17.63.39_0,1522777148774,20:39:08.774,1
pingSingle,N/A,-1,/172.17.63.40_0,1522777148776,20:39:08.776,1
pingSingle,N/A,-1,/172.17.63.35_0,1522777148778,20:39:08.778,3
pingSingle,N/A,-1,/172.17.63.39_0,1522777148778,20:39:08.778,2
pingSingle,N/A,-1,/172.17.63.36_0,1522777148781,20:39:08.781,1
pingSingle,N/A,-1,/172.17.63.40_0,1522777148784,20:39:08.784,1
pingSingle,N/A,-1,/172.17.63.35_0,1522777148784,20:39:08.784,1
pingSingle,N/A,-1,/172.17.63.39_0,1522777148784,20:39:08.784,1
pingSingle,N/A,-1,/172.17.63.36_0,1522777148784,20:39:08.784,1
pingSingle,N/A,-1,/172.17.63.35_0,1522777148787,20:39:08.787,1
pingSingle,N/A,-1,/172.17.63.40_0,1522777148787,20:39:08.787,1
pingSingle,N/A,-1,/172.17.63.36_0,1522777148788,20:39:08.788,1
pingSingle,N/A,-1,/172.17.63.39_0,1522777148788,20:39:08.788,1
pingSingle,N/A,-1,/172.17.63.40_0,1522777148790,20:39:08.790,1
pingSingle,N/A,-1,/172.17.63.35_0,1522777148790,20:39:08.790,0
pingSingle,N/A,-1,/172.17.63.39_0,1522777148791,20:39:08.791,1
pingSingle,N/A,-1,/172.17.63.36_0,1522777148793,20:39:08.793,1
pingSingle,N/A,-1,/172.17.63.35_0,1522777148795,20:39:08.795,1
pingSingle,N/A,-1,/172.17.63.40_0,1522777148795,20:39:08.795,1
pingSingle,N/A,-1,/172.17.63.39_0,1522777148795,20:39:08.795,1
pingSingle,N/A,-1,/172.17.63.36_0,1522777148796,20:39:08.796,2
pingSingle,N/A,-1,/172.17.63.40_0,1522777148797,20:39:08.797,1
pingSingle,N/A,-1,/172.17.63.35_0,1522777148798,20:39:08.798,1
pingSingle,N/A,-1,/172.17.63.39_0,1522777148798,20:39:08.798,1
pingSingle,N/A,-1,/172.17.63.36_0,1522777148798,20:39:08.798,1
pingSingle,N/A,-1,/172.17.63.35_0,1522777148800,20:39:08.800,1
pingSingle,N/A,-1,/172.17.63.40_0,1522777148800,20:39:08.800,1
pingSingle,N/A,-1,/172.17.63.39_0,1522777148800,20:39:08.800,1
pingSingle,N/A,-1,/172.17.63.36_0,1522777148801,20:39:08.801,1
pingSingle,N/A,-1,/172.17.63.35_0,1522777148802,20:39:08.802,0
pingSingle,N/A,-1,/172.17.63.40_0,1522777148812,20:39:08.812,1
pingSingle,N/A,-1,/172.17.63.39_0,1522777148813,20:39:08.813,2
pingSingle,N/A,-1,/172.17.63.36_0,1522777148813,20:39:08.813,1
pingSingle,N/A,-1,/172.17.63.35_0,1522777148815,20:39:08.815,1
pingSingle,N/A,-1,/172.17.63.36_0,1522777148815,20:39:08.815,1
pingSingle,N/A,-1,/172.17.63.39_0,1522777148816,20:39:08.816,1
pingSingle,N/A,-1,/172.17.63.40_0,1522777148816,20:39:08.816,2
pingSingle,N/A,-1,/172.17.63.39_0,1522777148819,20:39:08.819,1
pingSingle,N/A,-1,/172.17.63.36_0,1522777148819,20:39:08.819,1
pingSingle,N/A,-1,/172.17.63.40_0,1522777148820,20:39:08.820,1
pingSingle,N/A,-1,/172.17.63.35_0,1522777148820,20:39:08.820,1
pingSingle,N/A,-1,/172.17.63.35_0,1522777148821,20:39:08.821,0
pingSingle,N/A,-1,/172.17.63.39_0,1522777148822,20:39:08.822,1
pingSingle,N/A,-1,/172.17.63.36_0,1522777148822,20:39:08.822,1
pingSingle,N/A,-1,/172.17.63.40_0,1522777148822,20:39:08.822,1
pingSingle,N/A,-1,/172.17.63.40_0,1522777148824,20:39:08.824,1
pingSingle,N/A,-1,/172.17.63.39_0,1522777148824,20:39:08.824,1
pingSingle,N/A,-1,/172.17.63.35_0,1522777148826,20:39:08.826,3
pingSingle,N/A,-1,/172.17.63.36_0,1522777148826,20:39:08.826,2
pingSingle,N/A,-1,/172.17.63.40_0,1522777148827,20:39:08.827,0
pingSingle,N/A,-1,/172.17.63.39_0,1522777148828,20:39:08.828,1
pingSingle,N/A,-1,/172.17.63.35_0,1522777148828,20:39:08.828,1
pingSingle,N/A,-1,/172.17.63.36_0,1522777148828,20:39:08.828,1
pingSingle,N/A,-1,/172.17.63.35_0,1522777148830,20:39:08.830,1
pingSingle,N/A,-1,/172.17.63.40_0,1522777148830,20:39:08.830,1
pingSingle,N/A,-1,/172.17.63.36_0,1522777148831,20:39:08.831,2
pingSingle,N/A,-1,/172.17.63.39_0,1522777148831,20:39:08.831,2
pingSingle,N/A,-1,/172.17.63.35_0,1522777148833,20:39:08.833,1
pingSingle,N/A,-1,/172.17.63.39_0,1522777148833,20:39:08.833,1
pingSingle,N/A,-1,/172.17.63.36_0,1522777148833,20:39:08.833,1
pingSingle,N/A,-1,/172.17.63.40_0,1522777148836,20:39:08.836,1
pingSingle,N/A,-1,/172.17.63.40_0,1522777148838,20:39:08.838,1
pingSingle,N/A,-1,/172.17.63.36_0,1522777148839,20:39:08.839,1
pingSingle,N/A,-1,/172.17.63.35_0,1522777148839,20:39:08.839,1
pingSingle,N/A,-1,/172.17.63.39_0,1522777148839,20:39:08.839,1
pingSingle,N/A,-1,/172.17.63.35_0,1522777148841,20:39:08.841,1
pingSingle,N/A,-1,/172.17.63.40_0,1522777148841,20:39:08.841,1
pingSingle,N/A,-1,/172.17.63.39_0,1522777148841,20:39:08.841,1
pingSingle,N/A,-1,/172.17.63.36_0,1522777148841,20:39:08.841,1
pingSingle,N/A,-1,/172.17.63.40_0,1522777148848,20:39:08.848,6
pingSingle,N/A,-1,/172.17.63.39_0,1522777148848,20:39:08.848,6
pingSingle,N/A,-1,/172.17.63.36_0,1522777148848,20:39:08.848,5
pingSingle,N/A,-1,/172.17.63.35_0,1522777148848,20:39:08.848,0
pingSingle,N/A,-1,/172.17.63.35_0,1522777148850,20:39:08.850,1
pingSingle,N/A,-1,/172.17.63.40_0,1522777148850,20:39:08.850,1
pingSingle,N/A,-1,/172.17.63.39_0,1522777148850,20:39:08.850,1
pingSingle,N/A,-1,/172.17.63.36_0,1522777148851,20:39:08.851,1
pingSingle,N/A,-1,/172.17.63.40_0,1522777148853,20:39:08.853,1
pingSingle,N/A,-1,/172.17.63.39_0,1522777148854,20:39:08.854,1
pingSingle,N/A,-1,/172.17.63.35_0,1522777148854,20:39:08.854,1
pingSingle,N/A,-1,/172.17.63.36_0,1522777148855,20:39:08.855,2
pingSingle,N/A,-1,/172.17.63.40_0,1522777148857,20:39:08.857,2
pingSingle,N/A,-1,/172.17.63.35_0,1522777148857,20:39:08.857,1
pingSingle,N/A,-1,/172.17.63.39_0,1522777148857,20:39:08.857,1
pingSingle,N/A,-1,/172.17.63.36_0,1522777148859,20:39:08.859,1
pingSingle,N/A,-1,/172.17.63.35_0,1522777148861,20:39:08.861,1
pingSingle,N/A,-1,/172.17.63.39_0,1522777148861,20:39:08.861,1
pingSingle,N/A,-1,/172.17.63.36_0,1522777148862,20:39:08.862,1
pingSingle,N/A,-1,/172.17.63.40_0,1522777148862,20:39:08.862,1
pingSingle,N/A,-1,/172.17.63.35_0,1522777148864,20:39:08.864,1
pingSingle,N/A,-1,/172.17.63.40_0,1522777148864,20:39:08.864,1
pingSingle,N/A,-1,/172.17.63.39_0,1522777148864,20:39:08.864,1
pingSingle,N/A,-1,/172.17.63.36_0,1522777148865,20:39:08.865,2
pingSingle,N/A,-1,/172.17.63.40_0,1522777148867,20:39:08.867,1
pingSingle,N/A,-1,/172.17.63.39_0,1522777148868,20:39:08.868,2
pingSingle,N/A,-1,/172.17.63.35_0,1522777148869,20:39:08.869,3
pingSingle,N/A,-1,/172.17.63.36_0,1522777148870,20:39:08.870,1
pingSingle,N/A,-1,/172.17.63.40_0,1522777148872,20:39:08.872,1
pingSingle,N/A,-1,/172.17.63.39_0,1522777148872,20:39:08.872,0
pingSingle,N/A,-1,/172.17.63.36_0,1522777148873,20:39:08.873,1
pingSingle,N/A,-1,/172.17.63.35_0,1522777148876,20:39:08.876,5
pingSingle,N/A,-1,/172.17.63.40_0,1522777148878,20:39:08.878,1
pingSingle,N/A,-1,/172.17.63.39_0,1522777148878,20:39:08.878,1
pingSingle,N/A,-1,/172.17.63.35_0,1522777148878,20:39:08.878,1
pingSingle,N/A,-1,/172.17.63.36_0,1522777148879,20:39:08.879,1
pingSingle,N/A,-1,/172.17.63.40_0,1522777148881,20:39:08.881,1
pingSingle,N/A,-1,/172.17.63.35_0,1522777148881,20:39:08.881,1
pingSingle,N/A,-1,/172.17.63.39_0,1522777148881,20:39:08.881,1
pingSingle,N/A,-1,/172.17.63.36_0,1522777148882,20:39:08.882,1
pingSingle,N/A,-1,/172.17.63.35_0,1522777148883,20:39:08.883,0
pingSingle,N/A,-1,/172.17.63.36_0,1522777148883,20:39:08.883,0
pingSingle,N/A,-1,/172.17.63.39_0,1522777148884,20:39:08.884,1
pingSingle,N/A,-1,/172.17.63.40_0,1522777148884,20:39:08.884,2
pingSingle,N/A,-1,/172.17.63.35_0,1522777148886,20:39:08.886,0
pingSingle,N/A,-1,/172.17.63.40_0,1522777148886,20:39:08.886,0
pingSingle,N/A,-1,/172.17.63.39_0,1522777148887,20:39:08.887,1
pingSingle,N/A,-1,/172.17.63.36_0,1522777148887,20:39:08.887,1
pingSingle,N/A,-1,/172.17.63.35_0,1522777148888,20:39:08.888,0
pingSingle,N/A,-1,/172.17.63.40_0,1522777148888,20:39:08.888,0
pingSingle,N/A,-1,/172.17.63.36_0,1522777148889,20:39:08.889,1
pingSingle,N/A,-1,/172.17.63.39_0,1522777148890,20:39:08.890,1
pingSingle,N/A,-1,/172.17.63.35_0,1522777148892,20:39:08.892,1
pingSingle,N/A,-1,/172.17.63.40_0,1522777148892,20:39:08.892,1
pingSingle,N/A,-1,/172.17.63.36_0,1522777148893,20:39:08.893,1
pingSingle,N/A,-1,/172.17.63.39_0,1522777148893,20:39:08.893,1
pingSingle,N/A,-1,/172.17.63.40_0,1522777148894,20:39:08.894,1
pingSingle,N/A,-1,/172.17.63.39_0,1522777148895,20:39:08.895,1
pingSingle,N/A,-1,/172.17.63.35_0,1522777148895,20:39:08.895,1
pingSingle,N/A,-1,/172.17.63.36_0,1522777148895,20:39:08.895,1
pingSingle,N/A,-1,/172.17.63.35_0,1522777148897,20:39:08.897,1
pingSingle,N/A,-1,/172.17.63.40_0,1522777148897,20:39:08.897,1
pingSingle,N/A,-1,/172.17.63.36_0,1522777148898,20:39:08.898,2
pingSingle,N/A,-1,/172.17.63.39_0,1522777148898,20:39:08.898,2
pingSingle,N/A,-1,/172.17.63.35_0,1522777148899,20:39:08.899,1
pingSingle,N/A,-1,/172.17.63.40_0,1522777148899,20:39:08.899,1
pingSingle,N/A,-1,/172.17.63.36_0,1522777148899,20:39:08.899,0
pingSingle,N/A,-1,/172.17.63.39_0,1522777148900,20:39:08.900,1
pingSingle,N/A,-1,/172.17.63.35_0,1522777148903,20:39:08.903,1
pingSingle,N/A,-1,/172.17.63.36_0,1522777148903,20:39:08.903,1
pingSingle,N/A,-1,/172.17.63.40_0,1522777148903,20:39:08.903,1
pingSingle,N/A,-1,/172.17.63.39_0,1522777148903,20:39:08.903,1
pingSingle,N/A,-1,/172.17.63.35_0,1522777148905,20:39:08.905,1
pingSingle,N/A,-1,/172.17.63.40_0,1522777148905,20:39:08.905,0
pingSingle,N/A,-1,/172.17.63.39_0,1522777148906,20:39:08.906,2
pingSingle,N/A,-1,/172.17.63.36_0,1522777148908,20:39:08.908,1
pingSingle,N/A,-1,/172.17.63.40_0,1522777148911,20:39:08.911,2
pingSingle,N/A,-1,/172.17.63.39_0,1522777148911,20:39:08.911,1
pingSingle,N/A,-1,/172.17.63.36_0,1522777148915,20:39:08.915,4
pingSingle,N/A,-1,/172.17.63.35_0,1522777148916,20:39:08.916,1
pingSingle,N/A,-1,/172.17.63.40_0,1522777148918,20:39:08.918,1
pingSingle,N/A,-1,/172.17.63.39_0,1522777148918,20:39:08.918,1
pingSingle,N/A,-1,/172.17.63.35_0,1522777148926,20:39:08.926,9
pingSingle,N/A,-1,/172.17.63.36_0,1522777148928,20:39:08.928,1
pingSingle,N/A,-1,/172.17.63.35_0,1522777148929,20:39:08.929,0
pingSingle,N/A,-1,/172.17.63.40_0,1522777148929,20:39:08.929,0
pingSingle,N/A,-1,/172.17.63.39_0,1522777148930,20:39:08.930,1
pingSingle,N/A,-1,/172.17.63.36_0,1522777148930,20:39:08.930,1
pingSingle,N/A,-1,/172.17.63.35_0,1522777148931,20:39:08.931,0
pingSingle,N/A,-1,/172.17.63.40_0,1522777148931,20:39:08.931,0
pingSingle,N/A,-1,/172.17.63.39_0,1522777148932,20:39:08.932,1
pingSingle,N/A,-1,/172.17.63.36_0,1522777148932,20:39:08.932,1
pingSingle,N/A,-1,/172.17.63.35_0,1522777148934,20:39:08.934,1
pingSingle,N/A,-1,/172.17.63.39_0,1522777148934,20:39:08.934,1
pingSingle,N/A,-1,/172.17.63.36_0,1522777148934,20:39:08.934,1
pingSingle,N/A,-1,/172.17.63.40_0,1522777148934,20:39:08.934,1
pingSingle,N/A,-1,/172.17.63.35_0,1522777148936,20:39:08.936,1
pingSingle,N/A,-1,/172.17.63.40_0,1522777148936,20:39:08.936,1
pingSingle,N/A,-1,/172.17.63.39_0,1522777148937,20:39:08.937,2
pingSingle,N/A,-1,/172.17.63.36_0,1522777148940,20:39:08.940,4
pingSingle,N/A,-1,/172.17.63.40_0,1522777148942,20:39:08.942,1
pingSingle,N/A,-1,/172.17.63.35_0,1522777148942,20:39:08.942,1
pingSingle,N/A,-1,/172.17.63.36_0,1522777148942,20:39:08.942,1
pingSingle,N/A,-1,/172.17.63.39_0,1522777148942,20:39:08.942,1
pingSingle,N/A,-1,/172.17.63.40_0,1522777148944,20:39:08.944,1
pingSingle,N/A,-1,/172.17.63.35_0,1522777148944,20:39:08.944,1
pingSingle,N/A,-1,/172.17.63.39_0,1522777148944,20:39:08.944,1
pingSingle,N/A,-1,/172.17.63.36_0,1522777148946,20:39:08.946,2
pingSingle,N/A,-1,/172.17.63.35_0,1522777148947,20:39:08.947,1
pingSingle,N/A,-1,/172.17.63.40_0,1522777148947,20:39:08.947,1
pingSingle,N/A,-1,/172.17.63.39_0,1522777148948,20:39:08.948,1
pingSingle,N/A,-1,/172.17.63.36_0,1522777148948,20:39:08.948,1
pingSingle,N/A,-1,/172.17.63.40_0,1522777148968,20:39:08.968,5
pingSingle,N/A,-1,/172.17.63.36_0,1522777148968,20:39:08.968,5
pingSingle,N/A,-1,/172.17.63.35_0,1522777148968,20:39:08.968,4
pingSingle,N/A,-1,/172.17.63.39_0,1522777148968,20:39:08.968,4
pingSingle,N/A,-1,/172.17.63.40_0,1522777148973,20:39:08.973,3
pingSingle,N/A,-1,/172.17.63.35_0,1522777148976,20:39:08.976,1
pingSingle,N/A,-1,/172.17.63.39_0,1522777148977,20:39:08.977,1
pingSingle,N/A,-1,/172.17.63.36_0,1522777148979,20:39:08.979,3
pingSingle,N/A,-1,/172.17.63.35_0,1522777148981,20:39:08.981,1
pingSingle,N/A,-1,/172.17.63.40_0,1522777148981,20:39:08.981,1
pingSingle,N/A,-1,/172.17.63.39_0,1522777148981,20:39:08.981,1
pingSingle,N/A,-1,/172.17.63.36_0,1522777148982,20:39:08.982,1
pingSingle,N/A,-1,/172.17.63.40_0,1522777148984,20:39:08.984,2
pingSingle,N/A,-1,/172.17.63.39_0,1522777148987,20:39:08.987,4
pingSingle,N/A,-1,/172.17.63.35_0,1522777148991,20:39:08.991,8
pingSingle,N/A,-1,/172.17.63.36_0,1522777148993,20:39:08.993,2
pingSingle,N/A,-1,/172.17.63.35_0,1522777149000,20:39:09.000,6
pingSingle,N/A,-1,/172.17.63.40_0,1522777149000,20:39:09.000,6
pingSingle,N/A,-1,/172.17.63.39_0,1522777149000,20:39:09.000,6
pingSingle,N/A,-1,/172.17.63.36_0,1522777149000,20:39:09.000,6
pingSingle,N/A,-1,/172.17.63.40_0,1522777149002,20:39:09.002,1
pingSingle,N/A,-1,/172.17.63.35_0,1522777149003,20:39:09.003,2
pingSingle,N/A,-1,/172.17.63.39_0,1522777149003,20:39:09.003,1
pingSingle,N/A,-1,/172.17.63.36_0,1522777149003,20:39:09.003,1
pingSingle,N/A,-1,/172.17.63.40_0,1522777149005,20:39:09.005,1
pingSingle,N/A,-1,/172.17.63.39_0,1522777149006,20:39:09.006,2
pingSingle,N/A,-1,/172.17.63.36_0,1522777149008,20:39:09.008,1
pingSingle,N/A,-1,/172.17.63.35_0,1522777149008,20:39:09.008,3
pingSingle,N/A,-1,/172.17.63.35_0,1522777149010,20:39:09.010,1
pingSingle,N/A,-1,/172.17.63.40_0,1522777149010,20:39:09.010,1
pingSingle,N/A,-1,/172.17.63.39_0,1522777149010,20:39:09.010,1
pingSingle,N/A,-1,/172.17.63.36_0,1522777149010,20:39:09.010,0
pingSingle,N/A,-1,/172.17.63.35_0,1522777149013,20:39:09.013,0
pingSingle,N/A,-1,/172.17.63.36_0,1522777149013,20:39:09.013,1
pingSingle,N/A,-1,/172.17.63.39_0,1522777149014,20:39:09.014,2
pingSingle,N/A,-1,/172.17.63.40_0,1522777149014,20:39:09.014,2
pingSingle,N/A,-1,/172.17.63.35_0,1522777149015,20:39:09.015,1
pingSingle,N/A,-1,/172.17.63.40_0,1522777149015,20:39:09.015,1
pingSingle,N/A,-1,/172.17.63.39_0,1522777149015,20:39:09.015,0
pingSingle,N/A,-1,/172.17.63.36_0,1522777149016,20:39:09.016,2
pingSingle,N/A,-1,/172.17.63.35_0,1522777149017,20:39:09.017,0
pingSingle,N/A,-1,/172.17.63.40_0,1522777149017,20:39:09.017,0
pingSingle,N/A,-1,/172.17.63.39_0,1522777149018,20:39:09.018,1
pingSingle,N/A,-1,/172.17.63.36_0,1522777149018,20:39:09.018,1
pingSingle,N/A,-1,/172.17.63.35_0,1522777149019,20:39:09.019,0
pingSingle,N/A,-1,/172.17.63.40_0,1522777149020,20:39:09.020,1
pingSingle,N/A,-1,/172.17.63.39_0,1522777149020,20:39:09.020,1
pingSingle,N/A,-1,/172.17.63.36_0,1522777149020,20:39:09.020,1
pingSingle,N/A,-1,/172.17.63.35_0,1522777149021,20:39:09.021,1
pingSingle,N/A,-1,/172.17.63.39_0,1522777149022,20:39:09.022,1
pingSingle,N/A,-1,/172.17.63.40_0,1522777149022,20:39:09.022,1
pingSingle,N/A,-1,/172.17.63.36_0,1522777149022,20:39:09.022,1
pingSingle,N/A,-1,/172.17.63.35_0,1522777149023,20:39:09.023,1
pingSingle,N/A,-1,/172.17.63.40_0,1522777149024,20:39:09.024,1
pingSingle,N/A,-1,/172.17.63.36_0,1522777149024,20:39:09.024,1
pingSingle,N/A,-1,/172.17.63.39_0,1522777149024,20:39:09.024,1
pingSingle,N/A,-1,/172.17.63.35_0,1522777149026,20:39:09.026,0
pingSingle,N/A,-1,/172.17.63.39_0,1522777149027,20:39:09.027,1
pingSingle,N/A,-1,/172.17.63.40_0,1522777149027,20:39:09.027,2
pingSingle,N/A,-1,/172.17.63.36_0,1522777149027,20:39:09.027,1
pingSingle,N/A,-1,/172.17.63.35_0,1522777149028,20:39:09.028,0
pingSingle,N/A,-1,/172.17.63.40_0,1522777149029,20:39:09.029,1
pingSingle,N/A,-1,/172.17.63.39_0,1522777149029,20:39:09.029,1
pingSingle,N/A,-1,/172.17.63.36_0,1522777149029,20:39:09.029,1
pingSingle,N/A,-1,/172.17.63.35_0,1522777149030,20:39:09.030,0
pingSingle,N/A,-1,/172.17.63.40_0,1522777149031,20:39:09.031,1
pingSingle,N/A,-1,/172.17.63.39_0,1522777149031,20:39:09.031,1
pingSingle,N/A,-1,/172.17.63.36_0,1522777149031,20:39:09.031,1
pingSingle,N/A,-1,/172.17.63.35_0,1522777149032,20:39:09.032,0
pingSingle,N/A,-1,/172.17.63.39_0,1522777149033,20:39:09.033,1
pingSingle,N/A,-1,/172.17.63.40_0,1522777149033,20:39:09.033,1
pingSingle,N/A,-1,/172.17.63.36_0,1522777149033,20:39:09.033,1
pingSingle,N/A,-1,/172.17.63.35_0,1522777149034,20:39:09.034,0
pingSingle,N/A,-1,/172.17.63.40_0,1522777149035,20:39:09.035,1
pingSingle,N/A,-1,/172.17.63.36_0,1522777149035,20:39:09.035,1
pingSingle,N/A,-1,/172.17.63.39_0,1522777149035,20:39:09.035,1
pingSingle,N/A,-1,/172.17.63.35_0,1522777149037,20:39:09.037,1
pingSingle,N/A,-1,/172.17.63.40_0,1522777149037,20:39:09.037,1
pingSingle,N/A,-1,/172.17.63.39_0,1522777149037,20:39:09.037,1
pingSingle,N/A,-1,/172.17.63.36_0,1522777149037,20:39:09.037,1
pingSingle,N/A,-1,/172.17.63.35_0,1522777149038,20:39:09.038,0
pingSingle,N/A,-1,/172.17.63.40_0,1522777149039,20:39:09.039,1
pingSingle,N/A,-1,/172.17.63.36_0,1522777149039,20:39:09.039,1
pingSingle,N/A,-1,/172.17.63.39_0,1522777149039,20:39:09.039,1
pingSingle,N/A,-1,/172.17.63.35_0,1522777149040,20:39:09.040,0
pingSingle,N/A,-1,/172.17.63.40_0,1522777149041,20:39:09.041,1
pingSingle,N/A,-1,/172.17.63.39_0,1522777149041,20:39:09.041,1
pingSingle,N/A,-1,/172.17.63.36_0,1522777149041,20:39:09.041,1
pingSingle,N/A,-1,/172.17.63.35_0,1522777149042,20:39:09.042,0
pingSingle,N/A,-1,/172.17.63.40_0,1522777149043,20:39:09.043,1
pingSingle,N/A,-1,/172.17.63.39_0,1522777149043,20:39:09.043,1
pingSingle,N/A,-1,/172.17.63.36_0,1522777149043,20:39:09.043,1
pingSingle,N/A,-1,/172.17.63.35_0,1522777149044,20:39:09.044,1
pingSingle,N/A,-1,/172.17.63.40_0,1522777149044,20:39:09.044,0
pingSingle,N/A,-1,/172.17.63.39_0,1522777149045,20:39:09.045,1
pingSingle,N/A,-1,/172.17.63.36_0,1522777149045,20:39:09.045,1
pingSingle,N/A,-1,/172.17.63.35_0,1522777149046,20:39:09.046,0
pingSingle,N/A,-1,/172.17.63.40_0,1522777149047,20:39:09.047,1
pingSingle,N/A,-1,/172.17.63.39_0,1522777149047,20:39:09.047,1
pingSingle,N/A,-1,/172.17.63.36_0,1522777149047,20:39:09.047,1
pingSingle,N/A,-1,/172.17.63.35_0,1522777149048,20:39:09.048,0
pingSingle,N/A,-1,/172.17.63.40_0,1522777149048,20:39:09.048,0
pingSingle,N/A,-1,/172.17.63.36_0,1522777149049,20:39:09.049,1
pingSingle,N/A,-1,/172.17.63.39_0,1522777149049,20:39:09.049,1
pingSingle,N/A,-1,/172.17.63.35_0,1522777149050,20:39:09.050,0
pingSingle,N/A,-1,/172.17.63.40_0,1522777149050,20:39:09.050,0
pingSingle,N/A,-1,/172.17.63.36_0,1522777149051,20:39:09.051,1
pingSingle,N/A,-1,/172.17.63.39_0,1522777149051,20:39:09.051,1
pingSingle,N/A,-1,/172.17.63.35_0,1522777149052,20:39:09.052,1
pingSingle,N/A,-1,/172.17.63.39_0,1522777149052,20:39:09.052,1
pingSingle,N/A,-1,/172.17.63.36_0,1522777149052,20:39:09.052,0
pingSingle,N/A,-1,/172.17.63.40_0,1522777149053,20:39:09.053,2
pingSingle,N/A,-1,/172.17.63.35_0,1522777149054,20:39:09.054,1
pingSingle,N/A,-1,/172.17.63.40_0,1522777149054,20:39:09.054,1
pingSingle,N/A,-1,/172.17.63.39_0,1522777149055,20:39:09.055,2
pingSingle,N/A,-1,/172.17.63.36_0,1522777149055,20:39:09.055,2
pingSingle,N/A,-1,/172.17.63.35_0,1522777149056,20:39:09.056,0
pingSingle,N/A,-1,/172.17.63.40_0,1522777149056,20:39:09.056,1
pingSingle,N/A,-1,/172.17.63.39_0,1522777149057,20:39:09.057,1
pingSingle,N/A,-1,/172.17.63.36_0,1522777149057,20:39:09.057,1
pingSingle,N/A,-1,/172.17.63.35_0,1522777149058,20:39:09.058,1
pingSingle,N/A,-1,/172.17.63.40_0,1522777149058,20:39:09.058,1
pingSingle,N/A,-1,/172.17.63.36_0,1522777149058,20:39:09.058,0
pingSingle,N/A,-1,/172.17.63.39_0,1522777149059,20:39:09.059,2
pingSingle,N/A,-1,/172.17.63.35_0,1522777149060,20:39:09.060,1
pingSingle,N/A,-1,/172.17.63.40_0,1522777149060,20:39:09.060,1
pingSingle,N/A,-1,/172.17.63.39_0,1522777149060,20:39:09.060,0
pingSingle,N/A,-1,/172.17.63.36_0,1522777149060,20:39:09.060,0
pingSingle,N/A,-1,/172.17.63.35_0,1522777149062,20:39:09.062,1
pingSingle,N/A,-1,/172.17.63.40_0,1522777149062,20:39:09.062,1
pingSingle,N/A,-1,/172.17.63.39_0,1522777149062,20:39:09.062,1
pingSingle,N/A,-1,/172.17.63.36_0,1522777149062,20:39:09.062,1
pingSingle,N/A,-1,/172.17.63.35_0,1522777149064,20:39:09.064,1
pingSingle,N/A,-1,/172.17.63.39_0,1522777149064,20:39:09.064,1
pingSingle,N/A,-1,/172.17.63.40_0,1522777149065,20:39:09.065,1
pingSingle,N/A,-1,/172.17.63.36_0,1522777149065,20:39:09.065,1
pingSingle,N/A,-1,/172.17.63.35_0,1522777149066,20:39:09.066,0
pingSingle,N/A,-1,/172.17.63.40_0,1522777149066,20:39:09.066,0
pingSingle,N/A,-1,/172.17.63.39_0,1522777149067,20:39:09.067,1
pingSingle,N/A,-1,/172.17.63.36_0,1522777149067,20:39:09.067,1
pingSingle,N/A,-1,/172.17.63.35_0,1522777149068,20:39:09.068,1
pingSingle,N/A,-1,/172.17.63.40_0,1522777149068,20:39:09.068,1
pingSingle,N/A,-1,/172.17.63.39_0,1522777149069,20:39:09.069,1
pingSingle,N/A,-1,/172.17.63.36_0,1522777149069,20:39:09.069,1
pingSingle,N/A,-1,/172.17.63.35_0,1522777149070,20:39:09.070,0
pingSingle,N/A,-1,/172.17.63.40_0,1522777149070,20:39:09.070,0
pingSingle,N/A,-1,/172.17.63.36_0,1522777149071,20:39:09.071,1
pingSingle,N/A,-1,/172.17.63.39_0,1522777149071,20:39:09.071,1
pingSingle,N/A,-1,/172.17.63.35_0,1522777149072,20:39:09.072,0
pingSingle,N/A,-1,/172.17.63.40_0,1522777149073,20:39:09.073,1
pingSingle,N/A,-1,/172.17.63.39_0,1522777149073,20:39:09.073,1
pingSingle,N/A,-1,/172.17.63.36_0,1522777149073,20:39:09.073,1
pingSingle,N/A,-1,/172.17.63.35_0,1522777149074,20:39:09.074,0
pingSingle,N/A,-1,/172.17.63.40_0,1522777149074,20:39:09.074,0
pingSingle,N/A,-1,/172.17.63.39_0,1522777149075,20:39:09.075,1
pingSingle,N/A,-1,/172.17.63.36_0,1522777149075,20:39:09.075,1
pingSingle,N/A,-1,/172.17.63.35_0,1522777149076,20:39:09.076,1
pingSingle,N/A,-1,/172.17.63.39_0,1522777149076,20:39:09.076,0
pingSingle,N/A,-1,/172.17.63.36_0,1522777149077,20:39:09.077,1
pingSingle,N/A,-1,/172.17.63.40_0,1522777149077,20:39:09.077,2
pingSingle,N/A,-1,/172.17.63.35_0,1522777149078,20:39:09.078,1
pingSingle,N/A,-1,/172.17.63.40_0,1522777149078,20:39:09.078,1
pingSingle,N/A,-1,/172.17.63.39_0,1522777149078,20:39:09.078,1
pingSingle,N/A,-1,/172.17.63.36_0,1522777149078,20:39:09.078,0
pingSingle,N/A,-1,/172.17.63.35_0,1522777149079,20:39:09.079,0
pingSingle,N/A,-1,/172.17.63.40_0,1522777149080,20:39:09.080,1
pingSingle,N/A,-1,/172.17.63.39_0,1522777149080,20:39:09.080,1
pingSingle,N/A,-1,/172.17.63.36_0,1522777149080,20:39:09.080,1
pingSingle,N/A,-1,/172.17.63.35_0,1522777149081,20:39:09.081,0
pingSingle,N/A,-1,/172.17.63.40_0,1522777149082,20:39:09.082,1
pingSingle,N/A,-1,/172.17.63.36_0,1522777149082,20:39:09.082,1
pingSingle,N/A,-1,/172.17.63.39_0,1522777149082,20:39:09.082,1
pingSingle,N/A,-1,/172.17.63.35_0,1522777149083,20:39:09.083,0
pingSingle,N/A,-1,/172.17.63.40_0,1522777149083,20:39:09.083,0
pingSingle,N/A,-1,/172.17.63.39_0,1522777149084,20:39:09.084,1
pingSingle,N/A,-1,/172.17.63.36_0,1522777149084,20:39:09.084,1
pingSingle,N/A,-1,/172.17.63.40_0,1522777149085,20:39:09.085,1
pingSingle,N/A,-1,/172.17.63.39_0,1522777149086,20:39:09.086,1
pingSingle,N/A,-1,/172.17.63.35_0,1522777149086,20:39:09.086,2
pingSingle,N/A,-1,/172.17.63.36_0,1522777149087,20:39:09.087,2
pingSingle,N/A,-1,/172.17.63.35_0,1522777149088,20:39:09.088,1
pingSingle,N/A,-1,/172.17.63.40_0,1522777149088,20:39:09.088,1
pingSingle,N/A,-1,/172.17.63.36_0,1522777149088,20:39:09.088,0
pingSingle,N/A,-1,/172.17.63.39_0,1522777149089,20:39:09.089,1
pingSingle,N/A,-1,/172.17.63.35_0,1522777149090,20:39:09.090,1
pingSingle,N/A,-1,/172.17.63.39_0,1522777149090,20:39:09.090,1
pingSingle,N/A,-1,/172.17.63.36_0,1522777149090,20:39:09.090,1
pingSingle,N/A,-1,/172.17.63.40_0,1522777149091,20:39:09.091,2
pingSingle,N/A,-1,/172.17.63.35_0,1522777149092,20:39:09.092,1
pingSingle,N/A,-1,/172.17.63.40_0,1522777149092,20:39:09.092,1
pingSingle,N/A,-1,/172.17.63.39_0,1522777149092,20:39:09.092,0
pingSingle,N/A,-1,/172.17.63.36_0,1522777149092,20:39:09.092,0
pingSingle,N/A,-1,/172.17.63.35_0,1522777149094,20:39:09.094,1
pingSingle,N/A,-1,/172.17.63.40_0,1522777149094,20:39:09.094,1
pingSingle,N/A,-1,/172.17.63.36_0,1522777149094,20:39:09.094,1
pingSingle,N/A,-1,/172.17.63.39_0,1522777149095,20:39:09.095,2
pingSingle,N/A,-1,/172.17.63.35_0,1522777149096,20:39:09.096,1
pingSingle,N/A,-1,/172.17.63.40_0,1522777149096,20:39:09.096,1
pingSingle,N/A,-1,/172.17.63.39_0,1522777149096,20:39:09.096,1
pingSingle,N/A,-1,/172.17.63.36_0,1522777149096,20:39:09.096,1
pingSingle,N/A,-1,/172.17.63.35_0,1522777149097,20:39:09.097,0
pingSingle,N/A,-1,/172.17.63.40_0,1522777149098,20:39:09.098,1
pingSingle,N/A,-1,/172.17.63.39_0,1522777149098,20:39:09.098,1
pingSingle,N/A,-1,/172.17.63.36_0,1522777149098,20:39:09.098,1
pingSingle,N/A,-1,/172.17.63.35_0,1522777149099,20:39:09.099,0
pingSingle,N/A,-1,/172.17.63.40_0,1522777149099,20:39:09.099,1
pingSingle,N/A,-1,/172.17.63.36_0,1522777149099,20:39:09.099,0
pingSingle,N/A,-1,/172.17.63.39_0,1522777149100,20:39:09.100,1
pingSingle,N/A,-1,/172.17.63.35_0,1522777149101,20:39:09.101,1
pingSingle,N/A,-1,/172.17.63.40_0,1522777149101,20:39:09.101,1
pingSingle,N/A,-1,/172.17.63.39_0,1522777149101,20:39:09.101,1
pingSingle,N/A,-1,/172.17.63.36_0,1522777149101,20:39:09.101,1
pingSingle,N/A,-1,/172.17.63.35_0,1522777149102,20:39:09.102,0
pingSingle,N/A,-1,/172.17.63.40_0,1522777149103,20:39:09.103,1
pingSingle,N/A,-1,/172.17.63.39_0,1522777149103,20:39:09.103,1
pingSingle,N/A,-1,/172.17.63.36_0,1522777149103,20:39:09.103,1
pingSingle,N/A,-1,/172.17.63.35_0,1522777149104,20:39:09.104,1
pingSingle,N/A,-1,/172.17.63.40_0,1522777149104,20:39:09.104,0
pingSingle,N/A,-1,/172.17.63.39_0,1522777149105,20:39:09.105,1
pingSingle,N/A,-1,/172.17.63.36_0,1522777149105,20:39:09.105,1
pingSingle,N/A,-1,/172.17.63.35_0,1522777149106,20:39:09.106,0
pingSingle,N/A,-1,/172.17.63.40_0,1522777149107,20:39:09.107,1
pingSingle,N/A,-1,/172.17.63.39_0,1522777149107,20:39:09.107,1
pingSingle,N/A,-1,/172.17.63.36_0,1522777149107,20:39:09.107,1
